Блюда;Ингридиенты
Винегрет;Картофель
Винегрет;Свекла
Винегрет;Морковь
Винегрет;Лук
Винегрет;Огурцы
Винегрет;Горошек
Солянка;Лук
Солянка;Мясо
Солянка;Морковь
Солянка;Помидоры
Солянка;Огурцы
Фаршированные кабачки;Кабачки
Фаршированные кабачки;Мясо
Фаршированные кабачки;Помидоры
Фаршированные кабачки;Морковь
Фаршированные кабачки;Лук
Фаршированные кабачки;Чеснок
Ватрушки;Мука
Ватрушки;Творог
Ватрушки;Сметана
Ватрушки;Яйца
Щи;Мясо
Щи;Капуста
Щи;Лук
Щи;Грибы
Щи;Мука
Рассольник;Огурцы
Рассольник;Помидоры
Рассольник;Грибы
Рассольник;Рис
Рассольник;Морковь
Рассольник;Лук
Рулет с маком;Мука
Рулет с маком;Молоко
Рулет с маком;Яйца
Рулет с маком;Маргарин
Рулет с маком;Дрожжи
Рулет с маком;Мак
Рулет с маком;Изюм
Квашенная капуста;Капуста
Квашенная капуста;Морковь
Квашенная капуста;Мука
Белый квас;Солод
Белый квас;Мука
Белый квас;Изюм
Пельмени;Мука
Пельмени;Яйца
Пельмени;Мясо
Пельмени;Лук
Драники;Картофель
Драники;Яйца
Драники;Мука
Драники;Чеснок
Драники;Лук
Драники;Сметана
Бефстроганов;Мясо
Бефстроганов;Огурцы
Бефстроганов;Лук
Бефстроганов;Сметана
Бефстроганов;Помидоры
Бефстроганов;Мука
Картофельная запеканка;Картофель
Картофельная запеканка;Мясо
Картофельная запеканка;Молоко
Картофельная запеканка;Лук
Картофельная запеканка;Яйцо
Борщ;Мясо
Борщ;Картофель
Борщ;Капуста
Борщ;Лук
Борщ;Морковь
Борщ;Помидоры
Борщ;Свекла
Кулебяка;Мука
Кулебяка;Яйца
Кулебяка;Рыба
Кулебяка;Грибы
Кулебяка;Рис
Расстегай;Яйца
Расстегай;Мука
Расстегай;Мясо
Расстегай;Лук
Расстегай;Морковь
Зелёный борщ;Мясо
Зелёный борщ;Лук
Зелёный борщ;Картофель
Зелёный борщ;Щавель
Зелёный борщ;Яйца
Пирожки с картошкой;Мука
Пирожки с картошкой;Яйца
Пирожки с картошкой;Картофель
Пирожки с картошкой;Лук
Тушеная капуста;Капуста
Тушеная капуста;Грибы
Тушеная капуста;Лук
Тушеная капуста;Морковь
Тушеная капуста;Картофель
Тульский пряник;Мёд
Тульский пряник;Яйца
Тульский пряник;Мука
Тульский пряник;Масло
Голубцы;Капуста
Голубцы;Рис
Голубцы;Мясо
Голубцы;Морковь
Голубцы;Лук
Селёдка под шубой;Сельдь
Селёдка под шубой;Свекла
Селёдка под шубой;Морковь
Селёдка под шубой;Картофель
Селёдка под шубой;Яйца
Селёдка под шубой;Чеснок
Селёдка под шубой;Майонез
Жаркое;Мясо
Жаркое;Картофель
Жаркое;Лук
Жаркое;Перец
Жаркое;Сметана
Котлеты;Мясо
Котлеты;Хлеб
Котлеты;Сухари
Котлеты;Масло
Котлеты;Мука
Котлеты;Лук
Капустная запеканка;Капуста
Капустная запеканка;Мясо
Капустная запеканка;Рис
Капустная запеканка;Лук
Капустная запеканка;Морковь
Капустная запеканка;Помидоры
Капустная запеканка;Чеснок
Капустная запеканка;Сметана
Кулич Пасхальный;Мука
Кулич Пасхальный;Яйца
Кулич Пасхальный;Молоко
Кулич Пасхальный;Дрожжи
Кулич Пасхальный;Масло
Кулич Пасхальный;Изюм
Рыбник с селёдкой;Сельдь
Рыбник с селёдкой;Рыба
Рыбник с селёдкой;Мука
Рыбник с селёдкой;Масло
Рыбник с селёдкой;Картофель
Рыбник с селёдкой;Лук
Рыбник с селёдкой;Сухари
Холодец;Мясо
Холодец;Вода
Холодец;Морковь
Холодец;Лук
Холодец;Чеснок
Холодец;Яйца
Сырники;Яйца
Сырники;Мука
Сырники;Сахар
Сырники;Масло
Сырники;Творог
Салат Оливье;Картофель
Салат Оливье;Морковь
Салат Оливье;Огурцы
Салат Оливье;Горошек
Салат Оливье;Яйца
Салат Оливье;Колбаса
Салат Оливье;Майонез
Ленивые вареники;Творог
Ленивые вареники;Яйца
Ленивые вареники;Манка
Ленивые вареники;Мука
Ленивые вареники;Масло
Окрошка;Кефир
Окрошка;Сметана
Окрошка;Колбаса
Окрошка;Картофель
Окрошка;Яйца
Окрошка;Огурцы
Окрошка;Лук
Окрошка;Укроп